{
  "Total" : {
    "transaction" : "Total",
    "sampleCount" : 934,
    "errorCount" : 834,
    "errorPct" : 89.293365,
    "meanResTime" : 226.0599571734474,
    "medianResTime" : 170.0,
    "minResTime" : 152.0,
    "maxResTime" : 4595.0,
    "pct1ResTime" : 264.0,
    "pct2ResTime" : 499.5,
    "pct3ResTime" : 823.0,
    "throughput" : 33.46350901078428,
    "receivedKBytesPerSec" : 35.661168255795204,
    "sentKBytesPerSec" : 6.2417287315037076
  },
  "HTTP Request" : {
    "transaction" : "HTTP Request",
    "sampleCount" : 934,
    "errorCount" : 834,
    "errorPct" : 89.293365,
    "meanResTime" : 226.0599571734474,
    "medianResTime" : 170.0,
    "minResTime" : 152.0,
    "maxResTime" : 4595.0,
    "pct1ResTime" : 264.0,
    "pct2ResTime" : 499.5,
    "pct3ResTime" : 823.0,
    "throughput" : 33.46350901078428,
    "receivedKBytesPerSec" : 35.661168255795204,
    "sentKBytesPerSec" : 6.2417287315037076
  }
}