{
  "Total" : {
    "transaction" : "Total",
    "sampleCount" : 4895,
    "errorCount" : 4795,
    "errorPct" : 97.9571,
    "meanResTime" : 229.61225740551563,
    "medianResTime" : 168.0,
    "minResTime" : 148.0,
    "maxResTime" : 1422.0,
    "pct1ResTime" : 369.0,
    "pct2ResTime" : 398.0,
    "pct3ResTime" : 482.03999999999996,
    "throughput" : 81.47198828268033,
    "receivedKBytesPerSec" : 85.96165318855897,
    "sentKBytesPerSec" : 15.196435314445258
  },
  "HTTP Request" : {
    "transaction" : "HTTP Request",
    "sampleCount" : 4895,
    "errorCount" : 4795,
    "errorPct" : 97.9571,
    "meanResTime" : 229.61225740551563,
    "medianResTime" : 168.0,
    "minResTime" : 148.0,
    "maxResTime" : 1422.0,
    "pct1ResTime" : 369.0,
    "pct2ResTime" : 398.0,
    "pct3ResTime" : 482.03999999999996,
    "throughput" : 81.47198828268033,
    "receivedKBytesPerSec" : 85.96165318855897,
    "sentKBytesPerSec" : 15.196435314445258
  }
}