<?xml version="1.0" encoding="UTF-8"?>
<con:soapui-project id="14c92c05-f301-4ba3-8069-ce11e60ca17a" activeEnvironment="Default" name="REST Project 1" soapui-version="5.7.2" abortOnError="false" runType="SEQUENTIAL" resourceRoot="${projectDir}" xmlns:con="http://eviware.com/soapui/config"><con:settings/><con:interface xsi:type="con:RestService" id="248395a9-0c1b-4c18-b7a7-2f8429373122" wadlVersion="http://wadl.dev.java.net/2009/02" name="https://api.clickup.com" type="rest" xmlns:xsi="http://www.w3.org/2001/XMLSchema-instance"><con:settings/><con:definitionCache type="TEXT" rootPart=""/><con:endpoints><con:endpoint>https://api.clickup.com</con:endpoint></con:endpoints><con:resource name="Get Space Tags" path="/api/v2/space/90121463821/tag" id="842b98c4-d4eb-4ead-9b7b-7c802524a819"><con:settings/><con:parameters><con:parameter><con:name>tag_name</con:name><con:style>QUERY</con:style></con:parameter></con:parameters><con:method name="Get Space Tags" id="29be53eb-61ce-42e5-86dd-aa947fbbe4c2" method="GET"><con:settings/><con:parameters/><con:representation type="FAULT"><con:mediaType>application/json; charset=utf-8</con:mediaType><con:status>400</con:status><con:params/><con:element xmlns:tag="https://api.clickup.com/api/v2/space/90121463821/tag">tag:Fault</con:element></con:representation><con:representation type="RESPONSE"><con:mediaType>application/json; charset=utf-8</con:mediaType><con:status>200</con:status><con:params/><con:element xmlns:tag="https://api.clickup.com/api/v2/space/90121463821/tag">tag:Response</con:element></con:representation><con:request name="Get Space Tags" id="6f8b7d90-84f9-4f2f-b195-0d08297bda89" mediaType="application/json"><con:settings><con:setting id="com.eviware.soapui.impl.wsdl.WsdlRequest@request-headers">&lt;entry key="Authorization" value="pk_2144445533_LLTKB3H1BMSGNOTWVTM4R6B6Q5O0H9D8" xmlns="http://eviware.com/soapui/config"/></con:setting></con:settings><con:endpoint>https://api.clickup.com</con:endpoint><con:request/><con:originalUri>https://api.clickup.com/api/v2/space/90121463821/tag</con:originalUri><con:credentials><con:selectedAuthProfile>No Authorization</con:selectedAuthProfile><con:authType>No Authorization</con:authType></con:credentials><con:jmsConfig JMSDeliveryMode="PERSISTENT"/><con:jmsPropertyConfig/><con:parameters/><con:parameterOrder><con:entry>tag_name</con:entry></con:parameterOrder></con:request></con:method><con:method name="Create Space Tag" id="6ff3cdc0-cdf0-482b-9634-24ba4771a8ca" method="POST"><con:settings/><con:parameters/><con:representation type="RESPONSE"><con:mediaType>application/json; charset=utf-8</con:mediaType><con:status>200</con:status><con:params/><con:element>Response</con:element></con:representation><con:representation type="REQUEST"><con:mediaType>application/json</con:mediaType><con:params/></con:representation><con:representation type="FAULT"><con:mediaType>text/html; charset=utf-8</con:mediaType><con:status>404</con:status><con:params/><con:element>html</con:element></con:representation><con:request name="Create Space Tag" id="5f602cba-fcbe-4764-b345-5ecd78bc3150" mediaType="application/json" postQueryString="false"><con:settings><con:setting id="com.eviware.soapui.impl.wsdl.WsdlRequest@request-headers">&lt;entry key="Authorization" value="pk_2144445533_LLTKB3H1BMSGNOTWVTM4R6B6Q5O0H9D8" xmlns="http://eviware.com/soapui/config"/></con:setting></con:settings><con:endpoint>https://api.clickup.com</con:endpoint><con:request>{
  "tag": {
    "name": "OlenaMelnykO${#Project#random_name}",
    "tag_fg": "#000000",
    "tag_bg": "#000000"
  }
}</con:request><con:originalUri>https://api.clickup.com/api/v2/space/90121463821/tag</con:originalUri><con:credentials><con:authType>No Authorization</con:authType></con:credentials><con:jmsConfig JMSDeliveryMode="PERSISTENT"/><con:jmsPropertyConfig/><con:parameters/></con:request></con:method></con:resource><con:resource name="tag" path="/api/v2/space/90121463821/tag/name123" id="3b70abae-3057-4639-b73d-de17c03ba3fa"><con:settings/><con:parameters/><con:method name="Edit Space Tag" id="c286bbb5-5f3f-499a-a5b4-a6356305881d" method="PUT"><con:settings/><con:parameters/><con:representation type="RESPONSE"><con:mediaType>application/json; charset=utf-8</con:mediaType><con:status>200</con:status><con:params/><con:element>Response</con:element></con:representation><con:representation type="REQUEST"><con:mediaType>application/json</con:mediaType><con:params/></con:representation><con:representation type="FAULT"><con:mediaType>text/html; charset=utf-8</con:mediaType><con:status>404</con:status><con:params/><con:element>html</con:element></con:representation><con:request name="Edit Space Tag" id="27cade12-4513-4683-bacc-440693ac9d07" mediaType="application/json" postQueryString="false"><con:settings><con:setting id="com.eviware.soapui.impl.wsdl.WsdlRequest@request-headers">&lt;entry key="Authorization" value="pk_2144445533_LLTKB3H1BMSGNOTWVTM4R6B6Q5O0H9D8" xmlns="http://eviware.com/soapui/config"/></con:setting></con:settings><con:endpoint>https://api.clickup.com</con:endpoint><con:request>{
  "tag": {
    "name": "Tag01ediewewt",
    "tag_fg": "#000000",
    "tag_bg": "#000000"
  }
}</con:request><con:originalUri>https://api.clickup.com/api/v2/space/90121463821/tag</con:originalUri><con:credentials><con:authType>No Authorization</con:authType></con:credentials><con:jmsConfig JMSDeliveryMode="PERSISTENT"/><con:jmsPropertyConfig/><con:parameters/><con:parameterOrder/></con:request></con:method></con:resource><con:resource name="Tag01edit" path="/api/v2/space/90121463821/tag/tag123" id="ca9c64e8-d5a2-4614-8382-f1bcb969f0d8"><con:settings/><con:parameters/><con:method name="Delete Space Tag" id="946ad6c4-4987-41da-8fef-ed7135692743" method="DELETE"><con:settings/><con:parameters/><con:representation type="FAULT"><con:mediaType>text/html; charset=utf-8</con:mediaType><con:status>404</con:status><con:params/><con:element>html</con:element></con:representation><con:representation type="REQUEST"><con:mediaType>application/json</con:mediaType><con:params/></con:representation><con:representation type="RESPONSE"><con:mediaType>application/json; charset=utf-8</con:mediaType><con:status>200</con:status><con:params/><con:element>Response</con:element></con:representation><con:representation type="RESPONSE"><con:mediaType xsi:nil="true"/><con:status>0</con:status><con:params/><con:element>data</con:element></con:representation><con:request name="Delete Space Tag" id="8a0aa17a-a0ae-4662-a23f-c60c7a039763" mediaType="application/json" postQueryString="false"><con:settings><con:setting id="com.eviware.soapui.impl.wsdl.WsdlRequest@request-headers">&lt;entry key="Authorization" value="pk_2144445533_LLTKB3H1BMSGNOTWVTM4R6B6Q5O0H9D8" xmlns="http://eviware.com/soapui/config"/></con:setting></con:settings><con:endpoint>https://api.clickup.com</con:endpoint><con:request/><con:originalUri>https://api.clickup.com/v2/space/90121463821/tag/Tag01edit</con:originalUri><con:credentials><con:authType>No Authorization</con:authType></con:credentials><con:jmsConfig JMSDeliveryMode="PERSISTENT"/><con:jmsPropertyConfig/><con:parameters/></con:request></con:method></con:resource><con:resource name="tags123" path="/api/v2/task/86965t2ay/tag/tagtest?custom_task_ids=true&amp;team_id=9012319082" id="5bd27d60-b18f-4f17-a92a-fa205911c574"><con:settings/><con:parameters/><con:method name="Add Tag To Task" id="cd0c8918-f856-4a67-a2fd-fe623529d097" method="POST"><con:settings/><con:parameters/><con:representation type="REQUEST"><con:mediaType>application/json</con:mediaType><con:params/></con:representation><con:representation type="FAULT"><con:mediaType>application/json; charset=utf-8</con:mediaType><con:status>400</con:status><con:params/></con:representation><con:representation type="FAULT"><con:mediaType>text/html; charset=utf-8</con:mediaType><con:status>404</con:status><con:params/><con:element>html</con:element></con:representation><con:representation type="RESPONSE"><con:mediaType>application/json; charset=utf-8</con:mediaType><con:status>200</con:status><con:params/><con:element>Response</con:element></con:representation><con:request name="Add Tag to Task" id="c6024f62-d3ad-4ef6-8623-2936e9a50f93" mediaType="application/json" postQueryString="false"><con:settings><con:setting id="com.eviware.soapui.impl.wsdl.WsdlRequest@request-headers">&lt;entry key="Authorization" value="pk_2144445533_LLTKB3H1BMSGNOTWVTM4R6B6Q5O0H9D8" xmlns="http://eviware.com/soapui/config"/></con:setting></con:settings><con:endpoint>https://api.clickup.com</con:endpoint><con:request/><con:originalUri>https://api.clickup.com/api/v2/task/86965t2ay/tag/tagі123</con:originalUri><con:credentials><con:authType>No Authorization</con:authType></con:credentials><con:jmsConfig JMSDeliveryMode="PERSISTENT"/><con:jmsPropertyConfig/><con:parameters/><con:parameterOrder/></con:request></con:method></con:resource><con:resource name="tagі123" path="/api/v2/task/86965t2ay/tag/tag123" id="82dbc6cf-8994-4db4-9d07-41249243c869"><con:settings/><con:parameters><con:parameter><con:name>custom_task_ids</con:name><con:value>true</con:value><con:style>QUERY</con:style><con:default>true</con:default></con:parameter><con:parameter><con:name>team_id</con:name><con:value>9012319082</con:value><con:style>QUERY</con:style><con:default>9012319082</con:default></con:parameter></con:parameters><con:method name="Remove Tag From Task" id="e9afe8c0-da60-4521-a202-6d088804e1a7" method="DELETE"><con:settings/><con:parameters/><con:representation type="FAULT"><con:mediaType>application/json; charset=utf-8</con:mediaType><con:status>401</con:status><con:params/></con:representation><con:representation type="REQUEST"><con:mediaType>application/json</con:mediaType><con:params/></con:representation><con:representation type="RESPONSE"><con:mediaType>application/json; charset=utf-8</con:mediaType><con:status>200</con:status><con:params/><con:element>Response</con:element></con:representation><con:request name="Remove Tag From Task" id="d503aa0f-45c0-4ea1-8e74-14fbfd85ebf3" mediaType="application/json" postQueryString="false"><con:settings><con:setting id="com.eviware.soapui.impl.wsdl.WsdlRequest@request-headers">&lt;entry key="Authorization" value="pk_2144445533_LLTKB3H1BMSGNOTWVTM4R6B6Q5O0H9D8" xmlns="http://eviware.com/soapui/config"/></con:setting></con:settings><con:endpoint>https://api.clickup.com</con:endpoint><con:request/><con:originalUri>https://api.clickup.com/api/v2/task/86965t2ay/tag/tagі123</con:originalUri><con:credentials><con:authType>No Authorization</con:authType></con:credentials><con:jmsConfig JMSDeliveryMode="PERSISTENT"/><con:jmsPropertyConfig/><con:parameters/></con:request></con:method></con:resource></con:interface><con:testSuite id="80212319-bb43-42a6-a063-f27f10f4ee8c" name="CrudTestSuite"><con:description>TestSuite generated for REST Service [https://api.clickup.com]</con:description><con:settings/><con:runType>SEQUENTIAL</con:runType><con:testCase id="09f64cff-4b2a-4a24-8568-bb9149c7671e" failOnError="true" failTestCaseOnErrors="true" keepSession="false" maxResults="0" name="Get Space Tags TestCase" searchProperties="true"><con:description>TestCase generated for REST Resource [Get Space Tags] located at [/api/v2/space/90121463821/tag]</con:description><con:settings/><con:testStep type="groovy" name="Generate random name" id="3353095c-d255-4aec-b748-4a70fb93c094"><con:settings/><con:config><script>
int length = 8

String chars = "ABCDEFGHIJKLMNOPQRSTUVWXYZabcdefghijklmnopqrstuvwxyz"

// Генеруємо випадкове ім'я
String random_name = (1..length).collect { chars.charAt(new Random().nextInt(chars.length())) }.join()

// Виводимо згенероване ім'я в лог
log.info("Generated random name: " + random_name)

// Зберігаємо згенероване ім'я у властивість Test Case
testRunner.testCase.setPropertyValue("RandomName", random_name)
</script></con:config></con:testStep><con:testStep type="restrequest" name="Get Space Tags" id="b1adbd49-e5ef-4172-8afa-ca7c5cfef278"><con:settings/><con:config service="https://api.clickup.com" resourcePath="/api/v2/space/90121463821/tag" methodName="Get Space Tags" xsi:type="con:RestRequestStep" xmlns:xsi="http://www.w3.org/2001/XMLSchema-instance"><con:restRequest name="Get Space Tags" id="6f8b7d90-84f9-4f2f-b195-0d08297bda89" mediaType="application/json"><con:settings><con:setting id="com.eviware.soapui.impl.wsdl.WsdlRequest@request-headers">&lt;entry key="Authorization" value="pk_2144445533_LLTKB3H1BMSGNOTWVTM4R6B6Q5O0H9D8" xmlns="http://eviware.com/soapui/config"/></con:setting></con:settings><con:endpoint>https://api.clickup.com</con:endpoint><con:request/><con:originalUri>https://api.clickup.com/api/v2/space/90121463821/tag</con:originalUri><con:assertion type="Valid HTTP Status Codes" id="f57f52c8-8004-4380-8ee1-35869d194b0b" name="Valid HTTP Status Codes"><con:configuration><codes>200</codes></con:configuration></con:assertion><con:credentials><con:selectedAuthProfile>No Authorization</con:selectedAuthProfile><con:authType>No Authorization</con:authType></con:credentials><con:jmsConfig JMSDeliveryMode="PERSISTENT"/><con:jmsPropertyConfig/><con:parameters/><con:parameterOrder><con:entry>tag_name</con:entry></con:parameterOrder></con:restRequest></con:config></con:testStep><con:testStep type="restrequest" name="Edit Space Tag" id="35b4723e-cb95-46f2-8973-6e70f67d752c"><con:settings/><con:config service="https://api.clickup.com" resourcePath="/api/v2/space/90121463821/tag/name123" methodName="Edit Space Tag" xsi:type="con:RestRequestStep" xmlns:xsi="http://www.w3.org/2001/XMLSchema-instance"><con:restRequest name="Edit Space Tag" id="27cade12-4513-4683-bacc-440693ac9d07" mediaType="application/json" postQueryString="false"><con:settings><con:setting id="com.eviware.soapui.impl.wsdl.WsdlRequest@request-headers">&lt;entry key="Authorization" value="pk_2144445533_LLTKB3H1BMSGNOTWVTM4R6B6Q5O0H9D8" xmlns="http://eviware.com/soapui/config"/></con:setting></con:settings><con:endpoint>https://api.clickup.com</con:endpoint><con:request>{
  "tag": {
    "name": "Tag01ediewewt",
    "tag_fg": "#000000",
    "tag_bg": "#000000"
  }
}</con:request><con:originalUri>https://api.clickup.com/api/v2/space/90121463821/tag</con:originalUri><con:assertion type="Valid HTTP Status Codes" id="46294880-8b75-4721-bfb2-80791ca79ba7" name="Valid HTTP Status Codes"><con:configuration><codes>200
</codes></con:configuration></con:assertion><con:credentials><con:authType>No Authorization</con:authType></con:credentials><con:jmsConfig JMSDeliveryMode="PERSISTENT"/><con:jmsPropertyConfig/><con:parameters/><con:parameterOrder/></con:restRequest></con:config></con:testStep><con:testStep type="restrequest" name="Create Space Tag" id="df52e299-15e4-4407-87fe-708495ee3c35"><con:settings/><con:config service="https://api.clickup.com" resourcePath="/api/v2/space/90121463821/tag" methodName="Create Space Tag" xsi:type="con:RestRequestStep" xmlns:xsi="http://www.w3.org/2001/XMLSchema-instance"><con:restRequest name="Create Space Tag" id="5f602cba-fcbe-4764-b345-5ecd78bc3150" mediaType="application/json" postQueryString="false"><con:settings><con:setting id="com.eviware.soapui.impl.wsdl.WsdlRequest@request-headers">&lt;entry key="Authorization" value="pk_2144445533_LLTKB3H1BMSGNOTWVTM4R6B6Q5O0H9D8" xmlns="http://eviware.com/soapui/config"/></con:setting></con:settings><con:endpoint>https://api.clickup.com</con:endpoint><con:request>{
  "tag": {
    "name": "Test ${#TestSuite#random_name}",
    "tag_fg": "#000000",
    "tag_bg": "#000000"
  }
}</con:request><con:originalUri>https://api.clickup.com/api/v2/space/90121463821/tag</con:originalUri><con:assertion type="Valid HTTP Status Codes" id="b1cc192b-fa4f-49e3-8b4e-47fc0ea7423a" name="Valid HTTP Status Codes"><con:configuration><codes>200</codes></con:configuration></con:assertion><con:credentials><con:authType>No Authorization</con:authType></con:credentials><con:jmsConfig JMSDeliveryMode="PERSISTENT"/><con:jmsPropertyConfig/><con:parameters/></con:restRequest></con:config></con:testStep><con:testStep type="transfer" name="Property Transfer" id="bb4eefa9-4c0f-454e-a6ff-fc39c1237062"><con:settings/><con:config xsi:type="con:PropertyTransfersStep" xmlns:xsi="http://www.w3.org/2001/XMLSchema-instance"><con:transfers setNullOnMissingSource="true" transferTextContent="true" failOnError="true" ignoreEmpty="false" transferToAll="false" entitize="false" transferChildNodes="false"><con:name>Tag name</con:name><con:sourceType>Request</con:sourceType><con:sourceStep>Create Space Tag</con:sourceStep><con:sourcePath>$.tag.name</con:sourcePath><con:targetType>tag_name</con:targetType><con:targetStep>#Project#</con:targetStep><con:type>JSONPATH</con:type><con:upgraded>true</con:upgraded></con:transfers></con:config></con:testStep><con:testStep type="restrequest" name="Delete Space Tag" id="0a3a8381-690a-45a1-acb7-594d17b0cf70"><con:settings/><con:config service="https://api.clickup.com" resourcePath="/api/v2/space/90121463821/tag/tag123" methodName="Delete Space Tag" xsi:type="con:RestRequestStep" xmlns:xsi="http://www.w3.org/2001/XMLSchema-instance"><con:restRequest name="Delete Space Tag" id="8a0aa17a-a0ae-4662-a23f-c60c7a039763" mediaType="application/json" postQueryString="false"><con:settings><con:setting id="com.eviware.soapui.impl.wsdl.WsdlRequest@request-headers">&lt;entry key="Authorization" value="pk_2144445533_LLTKB3H1BMSGNOTWVTM4R6B6Q5O0H9D8" xmlns="http://eviware.com/soapui/config"/></con:setting></con:settings><con:endpoint>https://api.clickup.com</con:endpoint><con:request/><con:originalUri>https://api.clickup.com/v2/space/90121463821/tag/Tag01edit</con:originalUri><con:assertion type="Valid HTTP Status Codes" id="d13050d9-5209-4f6c-b75e-38281e663744" name="Valid HTTP Status Codes"><con:configuration><codes>200</codes></con:configuration></con:assertion><con:credentials><con:authType>No Authorization</con:authType></con:credentials><con:jmsConfig JMSDeliveryMode="PERSISTENT"/><con:jmsPropertyConfig/><con:parameters/></con:restRequest></con:config></con:testStep><con:testStep type="restrequest" name="Add Tag to Task" id="0db55b62-8a60-49df-bd65-f0a6f048cca9"><con:settings/><con:config service="https://api.clickup.com" resourcePath="/api/v2/task/86965t2ay/tag/tagtest?custom_task_ids=true&amp;team_id=9012319082" methodName="Add Tag To Task" xsi:type="con:RestRequestStep" xmlns:xsi="http://www.w3.org/2001/XMLSchema-instance"><con:restRequest name="Add Tag to Task" id="c6024f62-d3ad-4ef6-8623-2936e9a50f93" mediaType="application/json" postQueryString="false"><con:settings><con:setting id="com.eviware.soapui.impl.wsdl.WsdlRequest@request-headers">&lt;entry key="Authorization" value="pk_2144445533_LLTKB3H1BMSGNOTWVTM4R6B6Q5O0H9D8" xmlns="http://eviware.com/soapui/config"/></con:setting></con:settings><con:endpoint>https://api.clickup.com</con:endpoint><con:request/><con:originalUri>https://api.clickup.com/api/v2/task/86965t2ay/tag/tagі123</con:originalUri><con:assertion type="Valid HTTP Status Codes" id="b209d870-9c5f-4678-a835-c73886e051a3" name="Valid HTTP Status Codes"><con:configuration><codes>200</codes></con:configuration></con:assertion><con:credentials><con:authType>No Authorization</con:authType></con:credentials><con:jmsConfig JMSDeliveryMode="PERSISTENT"/><con:jmsPropertyConfig/><con:parameters/><con:parameterOrder/></con:restRequest></con:config></con:testStep><con:testStep type="restrequest" name="Remove Tag From Task" id="d7c826c8-bd99-45ec-809e-b80016278be0"><con:settings/><con:config service="https://api.clickup.com" resourcePath="/api/v2/task/86965t2ay/tag/tag123" methodName="Remove Tag From Task" xsi:type="con:RestRequestStep" xmlns:xsi="http://www.w3.org/2001/XMLSchema-instance"><con:restRequest name="Remove Tag From Task" id="d503aa0f-45c0-4ea1-8e74-14fbfd85ebf3" mediaType="application/json" postQueryString="false"><con:settings><con:setting id="com.eviware.soapui.impl.wsdl.WsdlRequest@request-headers">&lt;entry key="Authorization" value="pk_2144445533_LLTKB3H1BMSGNOTWVTM4R6B6Q5O0H9D8" xmlns="http://eviware.com/soapui/config"/></con:setting></con:settings><con:endpoint>https://api.clickup.com</con:endpoint><con:request/><con:originalUri>https://api.clickup.com/api/v2/task/86965t2ay/tag/tagі123</con:originalUri><con:assertion type="Valid HTTP Status Codes" id="44449300-8975-466c-9739-cf0eb7354f9e" name="Valid HTTP Status Codes"><con:configuration><codes>200</codes></con:configuration></con:assertion><con:credentials><con:authType>No Authorization</con:authType></con:credentials><con:jmsConfig JMSDeliveryMode="PERSISTENT"/><con:jmsPropertyConfig/><con:parameters/></con:restRequest></con:config></con:testStep><con:tearDownScript/><con:properties><con:property><con:name>RandomName</con:name><con:value>LrtVFMmK</con:value></con:property></con:properties></con:testCase><con:properties/></con:testSuite><con:properties><con:property><con:name>space_id</con:name><con:value>90121463821</con:value></con:property><con:property><con:name>tag_name</con:name><con:value>Test ${#TestSuite#random_name}</con:value></con:property></con:properties><con:wssContainer/><con:oAuth2ProfileContainer/><con:oAuth1ProfileContainer/></con:soapui-project>